Name,Salary,DurationWorked,Grade,Email,
Karthik,4000,24,1,karthik@executeautomation.com
Prashanth,7000,30,2,prashanth@executeautomation.com
Ramesh,3500,13,2,ramesh@executeautomation.com
John,2500,18,3,john@executeautomation.com
John Doe,100000,5,4,john.doe@example.com
First Data,2000,8,4,firstdata@gmail.com
Abhishek,50000,1000,2,rahul@gmail.com
Abhishek,50000,1000,2,rahul@gmail.com
Abhishek,50000,1000,2,rahul@gmail.com
Abhishek,50000,1000,2,rahul@gmail.com
John Doe,100000,5,1,john.doe@example.com
John Doe,100000,5,1,john.doe@example.com
John Doe,100000,5,1,john.doe@example.com
John Doe,100000,5,1,john.doe@example.com
Abhishek,50000,1000,2,rahul@gmail.com
John Doe,75000,5,4,johndoe@example.com
First Data,2000,8,3,firstdata@gmail.com
Second Data,3000,9,3,seconddata@gmail.com
Third Data,4000,10,3,thirddata@gmail.com
First Data,2000,8,2,firstdata@gmail.com
Second Data,3000,9,2,seconddata@gmail.com
John Doe,100000,5,4,john.doe@example.com
Third Data,4000,10,2,thirddata@gmail.com
Fourth Data,5000,11,2,forthdata@gmail.com
John Doe,50000,5,4,john.doe@example.com
John Doe,100000,5,4,john.doe@example.com
John Doe,100000,5,4,john.doe@example.com
John Doe,100000,5,4,john.doe@example.com
Test Employee,50000,5,4,test@example.com
Test Employee,50000,5,4,test@example.com
Abhishek,50000,1000,2,rahul@gmail.com
John Doe,75000,5,4,johndoe@example.com
John Doe,75000,5,4,johndoe@example.com
John Doe,75000,5,4,johndoe@example.com
John Doe,100000,5,4,john.doe@example.com
John Doe,75000,5,4,johndoe@example.com
John Doe,75000,5,4,johndoe@example.com
John Doe,75000,5,4,johndoe@example.com
John Doe,75000,5,4,johndoe@example.com
John Doe,75000,5,4,johndoe@example.com
John Doe,100000,5,4,john.doe@example.com
John Doe,100000,5,4,john.doe@example.com
John Doe,75000,5,4,johndoe@example.com
John Doe,100000,5,4,john.doe@example.com
John Doe,75000,5,4,johndoe@example.com
John Doe,100000,5,4,john.doe@example.com
John Doe,100000,5,4,john.doe@example.com
John Doe,100000,5,4,john.doe@example.com
John Doe,50000,5,4,john.doe@example.com
John Doe,50000,5,4,john.doe@example.com
John Doe,50000,5,4,john.doe@example.com
John Doe,100000,5,4,john.doe@example.com
John Doe,75000,5,4,johndoe@example.com
Test Employee,50000,5,4,test@example.com
Test Employee,50000,5,4,test@example.com
Adam,10000,1,2,adam@adam.com
Marek,18200,5,3,2@2.com
John Doe,75000,5,4,john.doe@example.com
John Doe,75000,3,4,johndoe@example.com
John Doe,50000,5,4,john.doe@example.com
John Doe,50000,5,4,john.doe@example.com
John Doe,50000,5,4,john.doe@example.com
John Doe,50000,5,4,john.doe@example.com
John Doe,50000,5,4,john.doe@example.com
Mozammil,3,2,1,mozammil832002@gmail.coim
First Data,2000,8,2,firstdata@gmail.com
First Data,2000,8,2,firstdata@gmail.com
Abhishek,50000,1000,2,rahul@gmail.com
Abhishek,50000,1000,2,rahul@gmail.com
Abhishek,50000,1000,2,rahul@gmail.com
Abhishek,50000,1000,2,rahul@gmail.com
